id,run_id,timestamp,strategy_id,leg_name,token,symbol,side,lots,quantity,entry_price,entry_time,exit_price,exit_time,pnl,cumulative_pnl,trade_status,reason,deployed_by,createdat
29057e56-b35b-4f6a-8901-e08ca1766fc5,dd81ed6d-a207-4df3-b1cb-82f889f8baaf,Wed Mar 11 2026 14:21:36 GMT+0530 (India Standard Time),dd81ed6d-a207-4df3-b1cb-82f889f8baaf,CE BUY,12345,NIFTY,BUY,1,50,120,Wed Mar 11 2026 09:20:00 GMT+0530 (India Standard Time),140,Wed Mar 11 2026 09:35:00 GMT+0530 (India Standard Time),1000,1500,CLOSED,TARGET,dd81ed6d-a207-4df3-b1cb-82f889f8baaf,Wed Mar 11 2026 14:21:36 GMT+0530 (India Standard Time)
4ddca146-4b61-496c-8db3-66a5eb044904,dd81ed6d-a207-4df3-b1cb-82f889f8baaf,Sun Mar 15 2026 16:29:37 GMT+0530 (India Standard Time),dd81ed6d-a207-4df3-b1cb-82f889f8baaf,TEST_LEG,12345,NIFTY,BUY,1,65,100,Sun Mar 15 2026 21:00:00 GMT+0530 (India Standard Time),110,Sun Mar 15 2026 21:05:00 GMT+0530 (India Standard Time),10,10,CLOSED,TEST,dd81ed6d-a207-4df3-b1cb-82f889f8baaf,Sun Mar 15 2026 16:29:37 GMT+0530 (India Standard Time)
ebb56672-ede1-47f8-a4cb-bd881a9f5fe7,b6330608-96c1-46d9-8bc4-9696db6b9aa7,Mon Mar 16 2026 04:16:01 GMT+0530 (India Standard Time),b6330608-96c1-46d9-8bc4-9696db6b9aa7,PE BUY,57709,NIFTY,BUY,1,65,235.6,Mon Mar 16 2026 09:46:01 GMT+0530 (India Standard Time),121.6,Mon Mar 16 2026 09:46:01 GMT+0530 (India Standard Time),-7410,-7410,CLOSED,Below Mark,b6330608-96c1-46d9-8bc4-9696db6b9aa7,Mon Mar 16 2026 04:16:01 GMT+0530 (India Standard Time)
36aba8d1-ebab-4997-a4ba-91d638d18f5d,b6330608-96c1-46d9-8bc4-9696db6b9aa7,Mon Mar 16 2026 04:25:01 GMT+0530 (India Standard Time),b6330608-96c1-46d9-8bc4-9696db6b9aa7,PE BUY,57709,NIFTY,BUY,1,65,139.35,Mon Mar 16 2026 09:55:01 GMT+0530 (India Standard Time),139.8,Mon Mar 16 2026 09:55:01 GMT+0530 (India Standard Time),29.25000000000111,29.25000000000111,CLOSED,Below Mark,b6330608-96c1-46d9-8bc4-9696db6b9aa7,Mon Mar 16 2026 04:25:01 GMT+0530 (India Standard Time)
ec0884aa-2f3d-481e-bd51-3662130ea492,b6330608-96c1-46d9-8bc4-9696db6b9aa7,Mon Mar 16 2026 04:25:01 GMT+0530 (India Standard Time),b6330608-96c1-46d9-8bc4-9696db6b9aa7,PE BUY,57709,NIFTY,BUY,2,130,139.35,Mon Mar 16 2026 09:55:02 GMT+0530 (India Standard Time),139.8,Mon Mar 16 2026 09:55:02 GMT+0530 (India Standard Time),58.50000000000222,-7351.499999999998,CLOSED,Below Mark,b6330608-96c1-46d9-8bc4-9696db6b9aa7,Mon Mar 16 2026 04:25:01 GMT+0530 (India Standard Time)
944923d3-4071-4b50-ac9b-a03ef94cf682,b6330608-96c1-46d9-8bc4-9696db6b9aa7,Mon Mar 16 2026 04:37:00 GMT+0530 (India Standard Time),b6330608-96c1-46d9-8bc4-9696db6b9aa7,PE BUY,57709,NIFTY,BUY,2,130,163.45,Mon Mar 16 2026 10:05:00 GMT+0530 (India Standard Time),148.85,Mon Mar 16 2026 10:07:00 GMT+0530 (India Standard Time),-1897.9999999999993,-1868.7499999999982,CLOSED,Below Mark,b6330608-96c1-46d9-8bc4-9696db6b9aa7,Mon Mar 16 2026 04:37:00 GMT+0530 (India Standard Time)
4c9ddb77-770a-4b73-beec-040de5ceff07,b6330608-96c1-46d9-8bc4-9696db6b9aa7,Mon Mar 16 2026 04:37:01 GMT+0530 (India Standard Time),b6330608-96c1-46d9-8bc4-9696db6b9aa7,PE BUY,57709,NIFTY,BUY,3,195,163.45,Mon Mar 16 2026 10:05:01 GMT+0530 (India Standard Time),148.85,Mon Mar 16 2026 10:07:01 GMT+0530 (India Standard Time),-2846.999999999999,-10198.499999999996,CLOSED,Below Mark,b6330608-96c1-46d9-8bc4-9696db6b9aa7,Mon Mar 16 2026 04:37:01 GMT+0530 (India Standard Time)
8a3c4b0a-3da1-4708-85bb-4d5ec43d0080,b6330608-96c1-46d9-8bc4-9696db6b9aa7,Mon Mar 16 2026 04:42:00 GMT+0530 (India Standard Time),b6330608-96c1-46d9-8bc4-9696db6b9aa7,PE BUY,57709,NIFTY,BUY,3,195,152.95,Mon Mar 16 2026 10:10:00 GMT+0530 (India Standard Time),167.4,Mon Mar 16 2026 10:12:00 GMT+0530 (India Standard Time),2817.7500000000036,949.0000000000055,CLOSED,Below Mark,b6330608-96c1-46d9-8bc4-9696db6b9aa7,Mon Mar 16 2026 04:42:00 GMT+0530 (India Standard Time)
ad6388d7-91ac-4c9a-b56e-c432933b78e0,b6330608-96c1-46d9-8bc4-9696db6b9aa7,Mon Mar 16 2026 04:42:01 GMT+0530 (India Standard Time),b6330608-96c1-46d9-8bc4-9696db6b9aa7,PE BUY,57709,NIFTY,BUY,4,260,152.95,Mon Mar 16 2026 10:10:01 GMT+0530 (India Standard Time),167.4,Mon Mar 16 2026 10:12:01 GMT+0530 (India Standard Time),3757.0000000000045,-6441.499999999992,CLOSED,Below Mark,b6330608-96c1-46d9-8bc4-9696db6b9aa7,Mon Mar 16 2026 04:42:01 GMT+0530 (India Standard Time)
1b9da723-7649-455e-82b4-0eae1c458cab,b6330608-96c1-46d9-8bc4-9696db6b9aa7,Mon Mar 16 2026 05:01:01 GMT+0530 (India Standard Time),b6330608-96c1-46d9-8bc4-9696db6b9aa7,PE BUY,57709,NIFTY,BUY,1,65,230.75,Mon Mar 16 2026 10:28:01 GMT+0530 (India Standard Time),141.45,Mon Mar 16 2026 10:31:01 GMT+0530 (India Standard Time),-5804.500000000001,-5804.500000000001,CLOSED,Below Mark,b6330608-96c1-46d9-8bc4-9696db6b9aa7,Mon Mar 16 2026 05:01:01 GMT+0530 (India Standard Time)
8c25b546-2edb-42d1-8dd7-c6bc21f2fe3b,b6330608-96c1-46d9-8bc4-9696db6b9aa7,Mon Mar 16 2026 05:07:00 GMT+0530 (India Standard Time),b6330608-96c1-46d9-8bc4-9696db6b9aa7,PE BUY,57709,NIFTY,BUY,2,130,217.6,Mon Mar 16 2026 10:37:00 GMT+0530 (India Standard Time),144.2,Mon Mar 16 2026 10:37:00 GMT+0530 (India Standard Time),-9542,-15346.5,CLOSED,Below Mark,b6330608-96c1-46d9-8bc4-9696db6b9aa7,Mon Mar 16 2026 05:07:00 GMT+0530 (India Standard Time)
49635dec-a494-47d0-be59-6ce1b4576cb7,b6330608-96c1-46d9-8bc4-9696db6b9aa7,Mon Mar 16 2026 05:17:01 GMT+0530 (India Standard Time),b6330608-96c1-46d9-8bc4-9696db6b9aa7,PE BUY,57709,NIFTY,BUY,3,195,214.75,Mon Mar 16 2026 10:43:00 GMT+0530 (India Standard Time),139.8,Mon Mar 16 2026 10:47:01 GMT+0530 (India Standard Time),-14615.249999999996,-29961.749999999996,CLOSED,Below Mark,b6330608-96c1-46d9-8bc4-9696db6b9aa7,Mon Mar 16 2026 05:17:01 GMT+0530 (India Standard Time)
c3b2cc6f-bb68-4db6-8ba4-7b2458375346,b6330608-96c1-46d9-8bc4-9696db6b9aa7,Mon Mar 16 2026 05:23:01 GMT+0530 (India Standard Time),b6330608-96c1-46d9-8bc4-9696db6b9aa7,PE BUY,57709,NIFTY,BUY,4,260,121.3,Mon Mar 16 2026 10:53:01 GMT+0530 (India Standard Time),121.3,Mon Mar 16 2026 10:53:01 GMT+0530 (India Standard Time),0,-29961.749999999996,CLOSED,Below Mark,b6330608-96c1-46d9-8bc4-9696db6b9aa7,Mon Mar 16 2026 05:23:01 GMT+0530 (India Standard Time)
2e73ebce-4e54-45c6-816c-2d724fdd236a,b6330608-96c1-46d9-8bc4-9696db6b9aa7,Mon Mar 16 2026 05:53:00 GMT+0530 (India Standard Time),b6330608-96c1-46d9-8bc4-9696db6b9aa7,PE BUY,57709,NIFTY,BUY,5,325,280,Mon Mar 16 2026 10:58:00 GMT+0530 (India Standard Time),157.7,Mon Mar 16 2026 11:23:00 GMT+0530 (India Standard Time),-39747.50000000001,-69709.25,CLOSED,Below Mark,b6330608-96c1-46d9-8bc4-9696db6b9aa7,Mon Mar 16 2026 05:53:00 GMT+0530 (India Standard Time)
7b6f7f8a-0ae2-46d7-846a-10dd44835fe0,b6330608-96c1-46d9-8bc4-9696db6b9aa7,Mon Mar 16 2026 05:56:00 GMT+0530 (India Standard Time),b6330608-96c1-46d9-8bc4-9696db6b9aa7,PE BUY,57709,NIFTY,BUY,6,390,161.85,Mon Mar 16 2026 11:26:00 GMT+0530 (India Standard Time),165.95,Mon Mar 16 2026 11:26:00 GMT+0530 (India Standard Time),1598.999999999998,-68110.25,CLOSED,Below Mark,b6330608-96c1-46d9-8bc4-9696db6b9aa7,Mon Mar 16 2026 05:56:00 GMT+0530 (India Standard Time)
ae05a75f-bcdf-4e94-a0a1-5fcc9c69cf0d,b6330608-96c1-46d9-8bc4-9696db6b9aa7,Mon Mar 16 2026 05:59:00 GMT+0530 (India Standard Time),b6330608-96c1-46d9-8bc4-9696db6b9aa7,PE BUY,57709,NIFTY,BUY,7,455,160.85,Mon Mar 16 2026 11:29:00 GMT+0530 (India Standard Time),164.15,Mon Mar 16 2026 11:29:00 GMT+0530 (India Standard Time),1501.5000000000052,-66608.75,CLOSED,Below Mark,b6330608-96c1-46d9-8bc4-9696db6b9aa7,Mon Mar 16 2026 05:59:00 GMT+0530 (India Standard Time)
a0918928-0b70-47c8-b082-c26eb3bd8446,b6330608-96c1-46d9-8bc4-9696db6b9aa7,Mon Mar 16 2026 06:08:00 GMT+0530 (India Standard Time),b6330608-96c1-46d9-8bc4-9696db6b9aa7,PE BUY,57709,NIFTY,BUY,8,520,206.25,Mon Mar 16 2026 11:38:00 GMT+0530 (India Standard Time),157.55,Mon Mar 16 2026 11:38:00 GMT+0530 (India Standard Time),-25323.999999999993,-91932.75,CLOSED,Below Mark,b6330608-96c1-46d9-8bc4-9696db6b9aa7,Mon Mar 16 2026 06:08:00 GMT+0530 (India Standard Time)
baf2927c-7b42-43e1-9bd5-85b3576faa74,b6330608-96c1-46d9-8bc4-9696db6b9aa7,Mon Mar 16 2026 06:20:00 GMT+0530 (India Standard Time),b6330608-96c1-46d9-8bc4-9696db6b9aa7,PE BUY,57709,NIFTY,BUY,9,585,164.9,Mon Mar 16 2026 11:47:00 GMT+0530 (India Standard Time),166.45,Mon Mar 16 2026 11:50:00 GMT+0530 (India Standard Time),906.74999999999,-91026.00000000001,CLOSED,Below Mark,b6330608-96c1-46d9-8bc4-9696db6b9aa7,Mon Mar 16 2026 06:20:00 GMT+0530 (India Standard Time)
aff2513e-742d-4579-9337-286bdf165202,b6330608-96c1-46d9-8bc4-9696db6b9aa7,Mon Mar 16 2026 06:28:00 GMT+0530 (India Standard Time),b6330608-96c1-46d9-8bc4-9696db6b9aa7,PE BUY,57709,NIFTY,BUY,10,650,172.85,Mon Mar 16 2026 11:56:00 GMT+0530 (India Standard Time),162.6,Mon Mar 16 2026 11:58:00 GMT+0530 (India Standard Time),-6662.5,-97688.50000000001,CLOSED,Below Mark,b6330608-96c1-46d9-8bc4-9696db6b9aa7,Mon Mar 16 2026 06:28:00 GMT+0530 (India Standard Time)
d648bf1a-6d51-4571-8567-2eb662088668,b6330608-96c1-46d9-8bc4-9696db6b9aa7,Mon Mar 16 2026 06:36:01 GMT+0530 (India Standard Time),b6330608-96c1-46d9-8bc4-9696db6b9aa7,PE BUY,57709,NIFTY,BUY,11,715,188.85,Mon Mar 16 2026 12:06:00 GMT+0530 (India Standard Time),166.8,Mon Mar 16 2026 12:06:00 GMT+0530 (India Standard Time),-15765.749999999987,-113454.25,CLOSED,Below Mark,b6330608-96c1-46d9-8bc4-9696db6b9aa7,Mon Mar 16 2026 06:36:01 GMT+0530 (India Standard Time)
e8d129ea-b180-486f-ad58-a3fe386cd75b,b6330608-96c1-46d9-8bc4-9696db6b9aa7,Mon Mar 16 2026 06:42:01 GMT+0530 (India Standard Time),b6330608-96c1-46d9-8bc4-9696db6b9aa7,PE BUY,57709,NIFTY,BUY,12,780,163.45,Mon Mar 16 2026 12:11:00 GMT+0530 (India Standard Time),161.9,Mon Mar 16 2026 12:12:01 GMT+0530 (India Standard Time),-1208.9999999999868,-114663.24999999999,CLOSED,Below Mark,b6330608-96c1-46d9-8bc4-9696db6b9aa7,Mon Mar 16 2026 06:42:01 GMT+0530 (India Standard Time)
2fd023ef-e950-4f94-a91e-49647f53d88b,b6330608-96c1-46d9-8bc4-9696db6b9aa7,Mon Mar 16 2026 06:46:00 GMT+0530 (India Standard Time),b6330608-96c1-46d9-8bc4-9696db6b9aa7,PE BUY,57709,NIFTY,BUY,13,845,163.7,Mon Mar 16 2026 12:16:00 GMT+0530 (India Standard Time),163.85,Mon Mar 16 2026 12:16:00 GMT+0530 (India Standard Time),126.7500000000048,-114536.49999999999,CLOSED,Below Mark,b6330608-96c1-46d9-8bc4-9696db6b9aa7,Mon Mar 16 2026 06:46:00 GMT+0530 (India Standard Time)
0f286338-2b23-480f-9305-433b26e97a20,b6330608-96c1-46d9-8bc4-9696db6b9aa7,Mon Mar 16 2026 07:08:00 GMT+0530 (India Standard Time),b6330608-96c1-46d9-8bc4-9696db6b9aa7,PE BUY,57709,NIFTY,BUY,14,910,163.05,Mon Mar 16 2026 12:20:00 GMT+0530 (India Standard Time),165.4,Mon Mar 16 2026 12:38:00 GMT+0530 (India Standard Time),2138.499999999995,-112397.99999999999,CLOSED,Below Mark,b6330608-96c1-46d9-8bc4-9696db6b9aa7,Mon Mar 16 2026 07:08:00 GMT+0530 (India Standard Time)
1e7e476b-745a-43ef-a0e7-f5fbc2ae6a2b,b6330608-96c1-46d9-8bc4-9696db6b9aa7,Mon Mar 16 2026 07:22:00 GMT+0530 (India Standard Time),b6330608-96c1-46d9-8bc4-9696db6b9aa7,PE BUY,57709,NIFTY,BUY,15,975,178,Mon Mar 16 2026 12:47:00 GMT+0530 (India Standard Time),143.85,Mon Mar 16 2026 12:52:00 GMT+0530 (India Standard Time),-33296.25000000001,-145694.25,CLOSED,Below Mark,b6330608-96c1-46d9-8bc4-9696db6b9aa7,Mon Mar 16 2026 07:22:00 GMT+0530 (India Standard Time)
9fdbfb6d-47a6-4f00-a2dc-4b795c63d8b9,b6330608-96c1-46d9-8bc4-9696db6b9aa7,Mon Mar 16 2026 07:47:00 GMT+0530 (India Standard Time),b6330608-96c1-46d9-8bc4-9696db6b9aa7,PE BUY,57709,NIFTY,BUY,16,1040,170.85,Mon Mar 16 2026 13:17:00 GMT+0530 (India Standard Time),165.65,Mon Mar 16 2026 13:17:00 GMT+0530 (India Standard Time),-5407.999999999988,-151102.25,CLOSED,Below Mark,b6330608-96c1-46d9-8bc4-9696db6b9aa7,Mon Mar 16 2026 07:47:00 GMT+0530 (India Standard Time)
952a4375-0000-4812-a8f9-4a1868d8e232,b6330608-96c1-46d9-8bc4-9696db6b9aa7,Mon Mar 16 2026 08:06:01 GMT+0530 (India Standard Time),b6330608-96c1-46d9-8bc4-9696db6b9aa7,PE BUY,57709,NIFTY,BUY,17,1105,179.05,Mon Mar 16 2026 13:30:00 GMT+0530 (India Standard Time),157.4,Mon Mar 16 2026 13:36:01 GMT+0530 (India Standard Time),-23923.250000000007,-175025.5,CLOSED,Below Mark,b6330608-96c1-46d9-8bc4-9696db6b9aa7,Mon Mar 16 2026 08:06:01 GMT+0530 (India Standard Time)
5fc49739-74a2-44d2-8e42-3338f1a3d208,b6330608-96c1-46d9-8bc4-9696db6b9aa7,Mon Mar 16 2026 08:37:00 GMT+0530 (India Standard Time),b6330608-96c1-46d9-8bc4-9696db6b9aa7,PE BUY,57709,NIFTY,BUY,18,1170,157.2,Mon Mar 16 2026 14:07:00 GMT+0530 (India Standard Time),149.7,Mon Mar 16 2026 14:07:00 GMT+0530 (India Standard Time),-8775,-183800.5,CLOSED,Below Mark,b6330608-96c1-46d9-8bc4-9696db6b9aa7,Mon Mar 16 2026 08:37:00 GMT+0530 (India Standard Time)
6252e4e9-6fa2-4895-9055-559d2de756d2,b6330608-96c1-46d9-8bc4-9696db6b9aa7,Mon Mar 16 2026 09:06:00 GMT+0530 (India Standard Time),b6330608-96c1-46d9-8bc4-9696db6b9aa7,CE BUY,57704,NIFTY,BUY,1,65,286.05,Mon Mar 16 2026 14:29:00 GMT+0530 (India Standard Time),89.45,Mon Mar 16 2026 14:36:00 GMT+0530 (India Standard Time),-12779.000000000002,-196579.5,CLOSED,Below Mark,b6330608-96c1-46d9-8bc4-9696db6b9aa7,Mon Mar 16 2026 09:06:00 GMT+0530 (India Standard Time)
66f812d6-3c2e-4185-8a6b-b8844e1ec6b5,b6330608-96c1-46d9-8bc4-9696db6b9aa7,Mon Mar 16 2026 09:10:00 GMT+0530 (India Standard Time),b6330608-96c1-46d9-8bc4-9696db6b9aa7,PE BUY,57709,NIFTY,BUY,19,1235,100.5,Mon Mar 16 2026 14:26:00 GMT+0530 (India Standard Time),76.55,Mon Mar 16 2026 14:40:00 GMT+0530 (India Standard Time),-29578.250000000004,-226157.75,CLOSED,Below Mark,b6330608-96c1-46d9-8bc4-9696db6b9aa7,Mon Mar 16 2026 09:10:00 GMT+0530 (India Standard Time)
38b2fef4-f656-4faa-a554-ee7fead16349,b6330608-96c1-46d9-8bc4-9696db6b9aa7,Mon Mar 16 2026 09:24:00 GMT+0530 (India Standard Time),b6330608-96c1-46d9-8bc4-9696db6b9aa7,PE BUY,57709,NIFTY,BUY,20,1300,71.8,Mon Mar 16 2026 14:54:00 GMT+0530 (India Standard Time),65.55,Mon Mar 16 2026 14:54:00 GMT+0530 (India Standard Time),-8125,-234282.75,CLOSED,Below Mark,b6330608-96c1-46d9-8bc4-9696db6b9aa7,Mon Mar 16 2026 09:24:00 GMT+0530 (India Standard Time)
3c223199-a338-4de7-a290-5c2904afa0a9,1fff432a-0411-40ff-aefd-c0b0026d5a6d,Mon Mar 16 2026 09:24:01 GMT+0530 (India Standard Time),1fff432a-0411-40ff-aefd-c0b0026d5a6d,PE BUY,57709,NIFTY,BUY,1,65,71.8,Mon Mar 16 2026 14:53:59 GMT+0530 (India Standard Time),65.55,Mon Mar 16 2026 14:53:59 GMT+0530 (India Standard Time),-406.25,-406.25,CLOSED,Below Mark,1fff432a-0411-40ff-aefd-c0b0026d5a6d,Mon Mar 16 2026 09:24:01 GMT+0530 (India Standard Time)
8c0b7b73-9626-4c91-ae10-1a3d379a85d0,b6330608-96c1-46d9-8bc4-9696db6b9aa7,Mon Mar 16 2026 09:39:00 GMT+0530 (India Standard Time),b6330608-96c1-46d9-8bc4-9696db6b9aa7,PE BUY,57709,NIFTY,BUY,21,1365,65.65,Mon Mar 16 2026 15:09:00 GMT+0530 (India Standard Time),68.65,Mon Mar 16 2026 15:09:00 GMT+0530 (India Standard Time),4095,-230187.75,CLOSED,Below Mark,b6330608-96c1-46d9-8bc4-9696db6b9aa7,Mon Mar 16 2026 09:39:00 GMT+0530 (India Standard Time)
461b0777-19dc-4542-97e2-159a983461ae,b6330608-96c1-46d9-8bc4-9696db6b9aa7,Mon Mar 16 2026 09:49:01 GMT+0530 (India Standard Time),b6330608-96c1-46d9-8bc4-9696db6b9aa7,PE BUY,57709,NIFTY,BUY,22,1430,77.05,Mon Mar 16 2026 15:19:01 GMT+0530 (India Standard Time),74.7,Mon Mar 16 2026 15:19:01 GMT+0530 (India Standard Time),-3360.499999999992,-233548.25,CLOSED,Below Mark,b6330608-96c1-46d9-8bc4-9696db6b9aa7,Mon Mar 16 2026 09:49:01 GMT+0530 (India Standard Time)
dcd0ce56-2607-47ac-8064-d0f82a080871,1fff432a-0411-40ff-aefd-c0b0026d5a6d,Tue Mar 17 2026 04:03:00 GMT+0530 (India Standard Time),1fff432a-0411-40ff-aefd-c0b0026d5a6d,PE BUY,57742,NIFTY,BUY,1,65,111.2,Tue Mar 17 2026 09:29:00 GMT+0530 (India Standard Time),71.65,Tue Mar 17 2026 09:33:00 GMT+0530 (India Standard Time),-2570.75,-2570.75,CLOSED,Below Mark,1fff432a-0411-40ff-aefd-c0b0026d5a6d,Tue Mar 17 2026 04:03:00 GMT+0530 (India Standard Time)
79465a28-18e9-40b8-8ab0-23479ad9dcc3,1fff432a-0411-40ff-aefd-c0b0026d5a6d,Tue Mar 17 2026 04:05:00 GMT+0530 (India Standard Time),1fff432a-0411-40ff-aefd-c0b0026d5a6d,CE BUY,57735,NIFTY,BUY,1,65,101.75,Tue Mar 17 2026 09:34:00 GMT+0530 (India Standard Time),77.55,Tue Mar 17 2026 09:35:00 GMT+0530 (India Standard Time),-1573.0000000000002,-4143.75,CLOSED,Below Mark,1fff432a-0411-40ff-aefd-c0b0026d5a6d,Tue Mar 17 2026 04:05:00 GMT+0530 (India Standard Time)
4920d6b8-37de-462c-a5b8-573f5f110c0c,1fff432a-0411-40ff-aefd-c0b0026d5a6d,Tue Mar 17 2026 04:09:00 GMT+0530 (India Standard Time),1fff432a-0411-40ff-aefd-c0b0026d5a6d,CE BUY,57735,NIFTY,BUY,2,130,100.75,Tue Mar 17 2026 09:38:00 GMT+0530 (India Standard Time),84.8,Tue Mar 17 2026 09:39:00 GMT+0530 (India Standard Time),-2073.5000000000005,-6217.25,CLOSED,Below Mark,1fff432a-0411-40ff-aefd-c0b0026d5a6d,Tue Mar 17 2026 04:09:00 GMT+0530 (India Standard Time)
5acd18ea-0da8-42ec-a42e-7019a931734d,1fff432a-0411-40ff-aefd-c0b0026d5a6d,Tue Mar 17 2026 04:25:01 GMT+0530 (India Standard Time),1fff432a-0411-40ff-aefd-c0b0026d5a6d,CE BUY,57735,NIFTY,BUY,3,195,112.05,Tue Mar 17 2026 09:42:00 GMT+0530 (India Standard Time),48.5,Tue Mar 17 2026 09:55:01 GMT+0530 (India Standard Time),-12392.25,-18609.5,CLOSED,Below Mark,1fff432a-0411-40ff-aefd-c0b0026d5a6d,Tue Mar 17 2026 04:25:01 GMT+0530 (India Standard Time)
413a2306-f1df-4e25-9bdd-54bd864a2ae0,1fff432a-0411-40ff-aefd-c0b0026d5a6d,Tue Mar 17 2026 04:34:00 GMT+0530 (India Standard Time),1fff432a-0411-40ff-aefd-c0b0026d5a6d,CE BUY,57735,NIFTY,BUY,4,260,115.2,Tue Mar 17 2026 09:57:00 GMT+0530 (India Standard Time),36.75,Tue Mar 17 2026 10:04:00 GMT+0530 (India Standard Time),-20397,-39006.5,CLOSED,Below Mark,1fff432a-0411-40ff-aefd-c0b0026d5a6d,Tue Mar 17 2026 04:34:00 GMT+0530 (India Standard Time)
cf951a96-4e89-49d4-a535-c7eb24d5947a,1fff432a-0411-40ff-aefd-c0b0026d5a6d,Tue Mar 17 2026 05:01:00 GMT+0530 (India Standard Time),1fff432a-0411-40ff-aefd-c0b0026d5a6d,PE BUY,57742,NIFTY,BUY,2,130,127.3,Tue Mar 17 2026 10:31:00 GMT+0530 (India Standard Time),39.6,Tue Mar 17 2026 10:31:00 GMT+0530 (India Standard Time),-11400.999999999998,-50407.5,CLOSED,Below Mark,1fff432a-0411-40ff-aefd-c0b0026d5a6d,Tue Mar 17 2026 05:01:00 GMT+0530 (India Standard Time)
be2b6d5d-b0e9-40b1-bc22-af2e7bd59a50,1fff432a-0411-40ff-aefd-c0b0026d5a6d,Tue Mar 17 2026 05:03:00 GMT+0530 (India Standard Time),1fff432a-0411-40ff-aefd-c0b0026d5a6d,CE BUY,57735,NIFTY,BUY,5,325,144.05,Tue Mar 17 2026 10:06:00 GMT+0530 (India Standard Time),38.2,Tue Mar 17 2026 10:33:00 GMT+0530 (India Standard Time),-34401.25000000001,-84808.75,CLOSED,Below Mark,1fff432a-0411-40ff-aefd-c0b0026d5a6d,Tue Mar 17 2026 05:03:00 GMT+0530 (India Standard Time)
9783be8c-3d67-43d5-a9cc-2a30262fbeba,1fff432a-0411-40ff-aefd-c0b0026d5a6d,Tue Mar 17 2026 05:29:00 GMT+0530 (India Standard Time),1fff432a-0411-40ff-aefd-c0b0026d5a6d,CE BUY,57735,NIFTY,BUY,6,390,108.5,Tue Mar 17 2026 10:42:00 GMT+0530 (India Standard Time),24.1,Tue Mar 17 2026 10:59:00 GMT+0530 (India Standard Time),-32916,-117724.75,CLOSED,Below Mark,1fff432a-0411-40ff-aefd-c0b0026d5a6d,Tue Mar 17 2026 05:29:00 GMT+0530 (India Standard Time)
7ebaba85-9af1-46b6-9e51-a0c228554993,1fff432a-0411-40ff-aefd-c0b0026d5a6d,Tue Mar 17 2026 05:37:00 GMT+0530 (India Standard Time),1fff432a-0411-40ff-aefd-c0b0026d5a6d,CE BUY,57735,NIFTY,BUY,7,455,142,Tue Mar 17 2026 11:03:00 GMT+0530 (India Standard Time),25.8,Tue Mar 17 2026 11:07:00 GMT+0530 (India Standard Time),-52871,-170595.75,CLOSED,Below Mark,1fff432a-0411-40ff-aefd-c0b0026d5a6d,Tue Mar 17 2026 05:37:00 GMT+0530 (India Standard Time)
e7accb8c-da9a-4af1-8695-bfa173ee7b66,1fff432a-0411-40ff-aefd-c0b0026d5a6d,Tue Mar 17 2026 05:41:00 GMT+0530 (India Standard Time),1fff432a-0411-40ff-aefd-c0b0026d5a6d,PE BUY,57742,NIFTY,BUY,3,195,115.8,Tue Mar 17 2026 11:11:00 GMT+0530 (India Standard Time),31.7,Tue Mar 17 2026 11:11:00 GMT+0530 (India Standard Time),-16399.5,-186995.25,CLOSED,Below Mark,1fff432a-0411-40ff-aefd-c0b0026d5a6d,Tue Mar 17 2026 05:41:00 GMT+0530 (India Standard Time)
248d1e2c-3783-41ea-896a-4ec14c5ddc8c,1fff432a-0411-40ff-aefd-c0b0026d5a6d,Tue Mar 17 2026 07:26:01 GMT+0530 (India Standard Time),1fff432a-0411-40ff-aefd-c0b0026d5a6d,CE BUY,57735,NIFTY,BUY,8,520,99.2,Tue Mar 17 2026 12:53:01 GMT+0530 (India Standard Time),83.7,Tue Mar 17 2026 12:56:01 GMT+0530 (India Standard Time),-8060,-195055.25,CLOSED,Below Mark,1fff432a-0411-40ff-aefd-c0b0026d5a6d,Tue Mar 17 2026 07:26:01 GMT+0530 (India Standard Time)
86eefb1b-3766-4d94-a8f3-ecc28628fb9f,1fff432a-0411-40ff-aefd-c0b0026d5a6d,Tue Mar 17 2026 07:33:01 GMT+0530 (India Standard Time),1fff432a-0411-40ff-aefd-c0b0026d5a6d,CE BUY,57735,NIFTY,BUY,9,585,106.7,Tue Mar 17 2026 13:02:01 GMT+0530 (India Standard Time),19.9,Tue Mar 17 2026 13:03:00 GMT+0530 (India Standard Time),-50778.00000000001,-245833.25,CLOSED,Below Mark,1fff432a-0411-40ff-aefd-c0b0026d5a6d,Tue Mar 17 2026 07:33:01 GMT+0530 (India Standard Time)
f80e8e89-af57-4066-8fdc-5ac02536d116,1fff432a-0411-40ff-aefd-c0b0026d5a6d,Tue Mar 17 2026 07:35:00 GMT+0530 (India Standard Time),1fff432a-0411-40ff-aefd-c0b0026d5a6d,CE BUY,57735,NIFTY,BUY,10,650,122.95,Tue Mar 17 2026 13:05:00 GMT+0530 (India Standard Time),20.3,Tue Mar 17 2026 13:05:00 GMT+0530 (India Standard Time),-66722.5,-312555.75,CLOSED,Below Mark,1fff432a-0411-40ff-aefd-c0b0026d5a6d,Tue Mar 17 2026 07:35:00 GMT+0530 (India Standard Time)
b0cf535d-1ada-4218-87a6-22452449017f,1fff432a-0411-40ff-aefd-c0b0026d5a6d,Tue Mar 17 2026 07:39:01 GMT+0530 (India Standard Time),1fff432a-0411-40ff-aefd-c0b0026d5a6d,CE BUY,57735,NIFTY,BUY,11,715,104.05,Tue Mar 17 2026 13:08:01 GMT+0530 (India Standard Time),15,Tue Mar 17 2026 13:09:01 GMT+0530 (India Standard Time),-63670.75,-376226.5,CLOSED,Below Mark,1fff432a-0411-40ff-aefd-c0b0026d5a6d,Tue Mar 17 2026 07:39:01 GMT+0530 (India Standard Time)
3b9b663d-76b5-4c3e-b713-29d2a34364a7,1fff432a-0411-40ff-aefd-c0b0026d5a6d,Tue Mar 17 2026 07:43:01 GMT+0530 (India Standard Time),1fff432a-0411-40ff-aefd-c0b0026d5a6d,CE BUY,57735,NIFTY,BUY,12,780,127.85,Tue Mar 17 2026 13:11:01 GMT+0530 (India Standard Time),14.4,Tue Mar 17 2026 13:13:00 GMT+0530 (India Standard Time),-88490.99999999999,-464717.5,CLOSED,Below Mark,1fff432a-0411-40ff-aefd-c0b0026d5a6d,Tue Mar 17 2026 07:43:01 GMT+0530 (India Standard Time)
afb52f41-454a-440c-b7cf-363371d7733e,1fff432a-0411-40ff-aefd-c0b0026d5a6d,Tue Mar 17 2026 07:46:00 GMT+0530 (India Standard Time),1fff432a-0411-40ff-aefd-c0b0026d5a6d,CE BUY,57735,NIFTY,BUY,13,845,127.85,Tue Mar 17 2026 13:15:00 GMT+0530 (India Standard Time),10.8,Tue Mar 17 2026 13:16:00 GMT+0530 (India Standard Time),-98907.25,-563624.75,CLOSED,Below Mark,1fff432a-0411-40ff-aefd-c0b0026d5a6d,Tue Mar 17 2026 07:46:00 GMT+0530 (India Standard Time)
df13a961-f037-41e7-9c95-d34fed1a6f11,1fff432a-0411-40ff-aefd-c0b0026d5a6d,Tue Mar 17 2026 07:53:00 GMT+0530 (India Standard Time),1fff432a-0411-40ff-aefd-c0b0026d5a6d,CE BUY,57735,NIFTY,BUY,14,910,155.65,Tue Mar 17 2026 13:18:00 GMT+0530 (India Standard Time),10.45,Tue Mar 17 2026 13:23:00 GMT+0530 (India Standard Time),-132132.00000000003,-695756.75,CLOSED,Below Mark,1fff432a-0411-40ff-aefd-c0b0026d5a6d,Tue Mar 17 2026 07:53:00 GMT+0530 (India Standard Time)
0449f1a0-91ef-4ab5-b5d3-f807637a63d8,1fff432a-0411-40ff-aefd-c0b0026d5a6d,Tue Mar 17 2026 07:59:01 GMT+0530 (India Standard Time),1fff432a-0411-40ff-aefd-c0b0026d5a6d,PE BUY,57742,NIFTY,BUY,4,260,12.5,Tue Mar 17 2026 13:29:01 GMT+0530 (India Standard Time),12,Tue Mar 17 2026 13:29:01 GMT+0530 (India Standard Time),-130,-695886.75,CLOSED,Below Mark,1fff432a-0411-40ff-aefd-c0b0026d5a6d,Tue Mar 17 2026 07:59:01 GMT+0530 (India Standard Time)
93bcafd5-ca3d-466c-9612-35db80953be1,1fff432a-0411-40ff-aefd-c0b0026d5a6d,Tue Mar 17 2026 08:01:01 GMT+0530 (India Standard Time),1fff432a-0411-40ff-aefd-c0b0026d5a6d,CE BUY,57735,NIFTY,BUY,15,975,11.8,Tue Mar 17 2026 13:30:01 GMT+0530 (India Standard Time),7.55,Tue Mar 17 2026 13:31:01 GMT+0530 (India Standard Time),-4143.750000000001,-700030.5,CLOSED,Below Mark,1fff432a-0411-40ff-aefd-c0b0026d5a6d,Tue Mar 17 2026 08:01:01 GMT+0530 (India Standard Time)
e833d8c5-f219-403c-91b8-03b9df6d1a7a,1fff432a-0411-40ff-aefd-c0b0026d5a6d,Tue Mar 17 2026 08:12:01 GMT+0530 (India Standard Time),1fff432a-0411-40ff-aefd-c0b0026d5a6d,CE BUY,57735,NIFTY,BUY,16,1040,9,Tue Mar 17 2026 13:37:00 GMT+0530 (India Standard Time),13.8,Tue Mar 17 2026 13:42:01 GMT+0530 (India Standard Time),4992.000000000001,-695038.5,CLOSED,Below Mark,1fff432a-0411-40ff-aefd-c0b0026d5a6d,Tue Mar 17 2026 08:12:01 GMT+0530 (India Standard Time)
6e83da57-379b-4268-ba94-235b39443503,1fff432a-0411-40ff-aefd-c0b0026d5a6d,Tue Mar 17 2026 08:28:01 GMT+0530 (India Standard Time),1fff432a-0411-40ff-aefd-c0b0026d5a6d,CE BUY,57735,NIFTY,BUY,17,1105,121.65,Tue Mar 17 2026 13:44:01 GMT+0530 (India Standard Time),7.35,Tue Mar 17 2026 13:58:01 GMT+0530 (India Standard Time),-126301.50000000001,-821340,CLOSED,Below Mark,1fff432a-0411-40ff-aefd-c0b0026d5a6d,Tue Mar 17 2026 08:28:01 GMT+0530 (India Standard Time)
33992056-3f5f-4596-9d86-fcfcb6096dc6,1fff432a-0411-40ff-aefd-c0b0026d5a6d,Tue Mar 17 2026 08:38:00 GMT+0530 (India Standard Time),1fff432a-0411-40ff-aefd-c0b0026d5a6d,CE BUY,57735,NIFTY,BUY,18,1170,136.25,Tue Mar 17 2026 14:00:00 GMT+0530 (India Standard Time),4.85,Tue Mar 17 2026 14:08:00 GMT+0530 (India Standard Time),-153738,-975078,CLOSED,Below Mark,1fff432a-0411-40ff-aefd-c0b0026d5a6d,Tue Mar 17 2026 08:38:00 GMT+0530 (India Standard Time)
5cbc1070-e22f-4a9a-985f-93870ffe531f,1fff432a-0411-40ff-aefd-c0b0026d5a6d,Tue Mar 17 2026 08:42:00 GMT+0530 (India Standard Time),1fff432a-0411-40ff-aefd-c0b0026d5a6d,CE BUY,57735,NIFTY,BUY,19,1235,3.5,Tue Mar 17 2026 14:12:00 GMT+0530 (India Standard Time),3.45,Tue Mar 17 2026 14:12:00 GMT+0530 (India Standard Time),-61.74999999999978,-975139.75,CLOSED,Below Mark,1fff432a-0411-40ff-aefd-c0b0026d5a6d,Tue Mar 17 2026 08:42:00 GMT+0530 (India Standard Time)
2ac48bb9-4019-4ddd-9eb9-6f98bd966e00,1fff432a-0411-40ff-aefd-c0b0026d5a6d,Tue Mar 17 2026 08:47:01 GMT+0530 (India Standard Time),1fff432a-0411-40ff-aefd-c0b0026d5a6d,CE BUY,57735,NIFTY,BUY,20,1300,192.9,Tue Mar 17 2026 14:17:01 GMT+0530 (India Standard Time),3.25,Tue Mar 17 2026 14:17:01 GMT+0530 (India Standard Time),-246545,-1221684.75,CLOSED,Below Mark,1fff432a-0411-40ff-aefd-c0b0026d5a6d,Tue Mar 17 2026 08:47:01 GMT+0530 (India Standard Time)
cc9e7c4a-2e31-4adb-8dbc-91e799d6c574,1fff432a-0411-40ff-aefd-c0b0026d5a6d,Tue Mar 17 2026 08:52:01 GMT+0530 (India Standard Time),1fff432a-0411-40ff-aefd-c0b0026d5a6d,CE BUY,57735,NIFTY,BUY,21,1365,2.55,Tue Mar 17 2026 14:22:01 GMT+0530 (India Standard Time),3.55,Tue Mar 17 2026 14:22:01 GMT+0530 (India Standard Time),1365,-1220319.75,CLOSED,Below Mark,1fff432a-0411-40ff-aefd-c0b0026d5a6d,Tue Mar 17 2026 08:52:01 GMT+0530 (India Standard Time)
af1ae76b-34b5-4cd0-81bb-3a7b5ed3883d,1fff432a-0411-40ff-aefd-c0b0026d5a6d,Tue Mar 17 2026 09:01:00 GMT+0530 (India Standard Time),1fff432a-0411-40ff-aefd-c0b0026d5a6d,CE BUY,57735,NIFTY,BUY,22,1430,137.2,Tue Mar 17 2026 14:24:01 GMT+0530 (India Standard Time),2.05,Tue Mar 17 2026 14:31:00 GMT+0530 (India Standard Time),-193264.49999999997,-1413584.25,CLOSED,Below Mark,1fff432a-0411-40ff-aefd-c0b0026d5a6d,Tue Mar 17 2026 09:01:00 GMT+0530 (India Standard Time)
4ea25428-8e8b-49ec-88c0-6a6931f2e99f,1fff432a-0411-40ff-aefd-c0b0026d5a6d,Tue Mar 17 2026 09:04:00 GMT+0530 (India Standard Time),1fff432a-0411-40ff-aefd-c0b0026d5a6d,CE BUY,57735,NIFTY,BUY,23,1495,175.6,Tue Mar 17 2026 14:33:00 GMT+0530 (India Standard Time),1.45,Tue Mar 17 2026 14:34:00 GMT+0530 (India Standard Time),-260354.25,-1673938.5,CLOSED,Below Mark,1fff432a-0411-40ff-aefd-c0b0026d5a6d,Tue Mar 17 2026 09:04:00 GMT+0530 (India Standard Time)
735de1d0-1a8d-4b1b-aeae-cf27530012f7,1fff432a-0411-40ff-aefd-c0b0026d5a6d,Tue Mar 17 2026 09:06:00 GMT+0530 (India Standard Time),1fff432a-0411-40ff-aefd-c0b0026d5a6d,CE BUY,57735,NIFTY,BUY,24,1560,176.35,Tue Mar 17 2026 14:36:00 GMT+0530 (India Standard Time),1.15,Tue Mar 17 2026 14:36:00 GMT+0530 (India Standard Time),-273312,-1947250.5,CLOSED,Below Mark,1fff432a-0411-40ff-aefd-c0b0026d5a6d,Tue Mar 17 2026 09:06:00 GMT+0530 (India Standard Time)
2d9d6900-018e-4358-bb75-06e13d720d3c,1fff432a-0411-40ff-aefd-c0b0026d5a6d,Tue Mar 17 2026 09:08:00 GMT+0530 (India Standard Time),1fff432a-0411-40ff-aefd-c0b0026d5a6d,CE BUY,57735,NIFTY,BUY,25,1625,179.3,Tue Mar 17 2026 14:38:00 GMT+0530 (India Standard Time),1,Tue Mar 17 2026 14:38:00 GMT+0530 (India Standard Time),-289737.5,-2236988,CLOSED,Below Mark,1fff432a-0411-40ff-aefd-c0b0026d5a6d,Tue Mar 17 2026 09:08:00 GMT+0530 (India Standard Time)
112c9287-eeb1-4091-ada0-e0a40c709c99,1fff432a-0411-40ff-aefd-c0b0026d5a6d,Tue Mar 17 2026 09:10:01 GMT+0530 (India Standard Time),1fff432a-0411-40ff-aefd-c0b0026d5a6d,CE BUY,57735,NIFTY,BUY,26,1690,188.05,Tue Mar 17 2026 14:40:00 GMT+0530 (India Standard Time),0.9,Tue Mar 17 2026 14:40:01 GMT+0530 (India Standard Time),-316283.5,-2553271.5,CLOSED,Below Mark,1fff432a-0411-40ff-aefd-c0b0026d5a6d,Tue Mar 17 2026 09:10:01 GMT+0530 (India Standard Time)
85965f11-f460-4f05-8a60-81102e41555e,1fff432a-0411-40ff-aefd-c0b0026d5a6d,Tue Mar 17 2026 09:12:00 GMT+0530 (India Standard Time),1fff432a-0411-40ff-aefd-c0b0026d5a6d,CE BUY,57735,NIFTY,BUY,27,1755,188.95,Tue Mar 17 2026 14:42:00 GMT+0530 (India Standard Time),1,Tue Mar 17 2026 14:42:00 GMT+0530 (India Standard Time),-329852.25,-2883123.75,CLOSED,Below Mark,1fff432a-0411-40ff-aefd-c0b0026d5a6d,Tue Mar 17 2026 09:12:00 GMT+0530 (India Standard Time)
4f09e365-a533-4a30-8004-5a4e9fc28cb7,1fff432a-0411-40ff-aefd-c0b0026d5a6d,Tue Mar 17 2026 09:15:00 GMT+0530 (India Standard Time),1fff432a-0411-40ff-aefd-c0b0026d5a6d,CE BUY,57735,NIFTY,BUY,28,1820,180.7,Tue Mar 17 2026 14:45:00 GMT+0530 (India Standard Time),1.1,Tue Mar 17 2026 14:45:00 GMT+0530 (India Standard Time),-326872,-3209995.75,CLOSED,Below Mark,1fff432a-0411-40ff-aefd-c0b0026d5a6d,Tue Mar 17 2026 09:15:00 GMT+0530 (India Standard Time)
a7d72223-b78b-4ab1-873c-3edaf8fe18c1,1fff432a-0411-40ff-aefd-c0b0026d5a6d,Tue Mar 17 2026 09:18:00 GMT+0530 (India Standard Time),1fff432a-0411-40ff-aefd-c0b0026d5a6d,CE BUY,57735,NIFTY,BUY,29,1885,192.75,Tue Mar 17 2026 14:48:00 GMT+0530 (India Standard Time),0.75,Tue Mar 17 2026 14:48:00 GMT+0530 (India Standard Time),-361920,-3571915.75,CLOSED,Below Mark,1fff432a-0411-40ff-aefd-c0b0026d5a6d,Tue Mar 17 2026 09:18:00 GMT+0530 (India Standard Time)
cb695654-6bfb-4f22-b04f-3ae30f63ea5c,1fff432a-0411-40ff-aefd-c0b0026d5a6d,Tue Mar 17 2026 09:20:00 GMT+0530 (India Standard Time),1fff432a-0411-40ff-aefd-c0b0026d5a6d,CE BUY,57735,NIFTY,BUY,30,1950,172.6,Tue Mar 17 2026 14:50:00 GMT+0530 (India Standard Time),0.65,Tue Mar 17 2026 14:50:00 GMT+0530 (India Standard Time),-335302.5,-3907218.25,CLOSED,Below Mark,1fff432a-0411-40ff-aefd-c0b0026d5a6d,Tue Mar 17 2026 09:20:00 GMT+0530 (India Standard Time)
4c7182f7-3cfc-4f9f-973b-5404169b9894,1fff432a-0411-40ff-aefd-c0b0026d5a6d,Tue Mar 17 2026 09:30:00 GMT+0530 (India Standard Time),1fff432a-0411-40ff-aefd-c0b0026d5a6d,CE BUY,57735,NIFTY,BUY,31,2015,243.85,Tue Mar 17 2026 15:00:00 GMT+0530 (India Standard Time),0.6,Tue Mar 17 2026 15:00:00 GMT+0530 (India Standard Time),-490148.75,-4397367,CLOSED,Below Mark,1fff432a-0411-40ff-aefd-c0b0026d5a6d,Tue Mar 17 2026 09:30:00 GMT+0530 (India Standard Time)
549f39d4-bc43-48e0-b691-e797e5b5cbb9,1fff432a-0411-40ff-aefd-c0b0026d5a6d,Tue Mar 17 2026 09:34:00 GMT+0530 (India Standard Time),1fff432a-0411-40ff-aefd-c0b0026d5a6d,PE BUY,57742,NIFTY,BUY,5,325,158.6,Tue Mar 17 2026 14:21:00 GMT+0530 (India Standard Time),0.2,Tue Mar 17 2026 15:04:00 GMT+0530 (India Standard Time),-51480,-4448847,CLOSED,Below Mark,1fff432a-0411-40ff-aefd-c0b0026d5a6d,Tue Mar 17 2026 09:34:00 GMT+0530 (India Standard Time)
47c4660b-eadb-49da-bd35-4f6527766322,1fff432a-0411-40ff-aefd-c0b0026d5a6d,Tue Mar 17 2026 09:36:01 GMT+0530 (India Standard Time),1fff432a-0411-40ff-aefd-c0b0026d5a6d,CE BUY,57735,NIFTY,BUY,32,2080,226.35,Tue Mar 17 2026 15:03:00 GMT+0530 (India Standard Time),0.2,Tue Mar 17 2026 15:06:01 GMT+0530 (India Standard Time),-470392,-4919239,CLOSED,Below Mark,1fff432a-0411-40ff-aefd-c0b0026d5a6d,Tue Mar 17 2026 09:36:01 GMT+0530 (India Standard Time)
48a085d8-7f58-4be7-b6f5-761947e41a74,1fff432a-0411-40ff-aefd-c0b0026d5a6d,Tue Mar 17 2026 09:38:01 GMT+0530 (India Standard Time),1fff432a-0411-40ff-aefd-c0b0026d5a6d,CE BUY,57735,NIFTY,BUY,33,2145,181.5,Tue Mar 17 2026 15:08:00 GMT+0530 (India Standard Time),0.15,Tue Mar 17 2026 15:08:00 GMT+0530 (India Standard Time),-388995.75,-5308234.75,CLOSED,Below Mark,1fff432a-0411-40ff-aefd-c0b0026d5a6d,Tue Mar 17 2026 09:38:01 GMT+0530 (India Standard Time)
5f497244-a76b-46c5-841b-fa9a6970e0d0,1fff432a-0411-40ff-aefd-c0b0026d5a6d,Tue Mar 17 2026 09:42:00 GMT+0530 (India Standard Time),1fff432a-0411-40ff-aefd-c0b0026d5a6d,CE BUY,57735,NIFTY,BUY,34,2210,180,Tue Mar 17 2026 15:12:00 GMT+0530 (India Standard Time),0.1,Tue Mar 17 2026 15:12:00 GMT+0530 (India Standard Time),-397579,-5705813.75,CLOSED,Below Mark,1fff432a-0411-40ff-aefd-c0b0026d5a6d,Tue Mar 17 2026 09:42:00 GMT+0530 (India Standard Time)
9db1358f-a8b6-43f0-b0ae-ca581e2f84a6,1fff432a-0411-40ff-aefd-c0b0026d5a6d,Tue Mar 17 2026 09:44:01 GMT+0530 (India Standard Time),1fff432a-0411-40ff-aefd-c0b0026d5a6d,CE BUY,57735,NIFTY,BUY,35,2275,186.75,Tue Mar 17 2026 15:14:01 GMT+0530 (India Standard Time),0.1,Tue Mar 17 2026 15:14:01 GMT+0530 (India Standard Time),-424628.75,-6130442.5,CLOSED,Below Mark,1fff432a-0411-40ff-aefd-c0b0026d5a6d,Tue Mar 17 2026 09:44:01 GMT+0530 (India Standard Time)